{"cameraMode":{"drawMode":0,"name":"Shaded","section":"Shading Mode"},"sceneLighting":false,"audioPlay":false,"sceneViewState":{"showFog":true,"showMaterialUpdate":false,"showSkybox":true,"showFlares":true,"showImageEffects":true,"showParticleSystems":true},"in2DMode":false,"pivot":{"x":8.239999771118164,"y":-0.07999999821186066,"z":12.697773933410645},"rotation":{"x":-0.08913519233465195,"y":0.8632320165634155,"z":-0.16405686736106873,"w":-0.46901044249534609},"size":23.882980346679689,"orthographic":false}