{"cameraMode":{"drawMode":0,"name":"Shaded","section":"Shading Mode"},"sceneLighting":true,"audioPlay":false,"sceneViewState":{"showFog":true,"showMaterialUpdate":false,"showSkybox":true,"showFlares":true,"showImageEffects":true,"showParticleSystems":true},"in2DMode":false,"pivot":{"x":-4.018052577972412,"y":1.8746347427368165,"z":-14.94876480102539},"rotation":{"x":-0.00038686866173520684,"y":-0.9896044135093689,"z":-0.0026622021105140449,"w":0.14379121363162995},"size":14.920565605163575,"orthographic":false}