{"cameraMode":{"drawMode":0,"name":"Shaded","section":"Shading Mode"},"sceneLighting":false,"audioPlay":false,"sceneViewState":{"showFog":true,"showMaterialUpdate":false,"showSkybox":true,"showFlares":true,"showImageEffects":true,"showParticleSystems":true},"in2DMode":false,"pivot":{"x":6.01803731918335,"y":-0.07999998331069946,"z":8.299302101135254},"rotation":{"x":-0.08913519233465195,"y":0.8632320165634155,"z":-0.16405686736106873,"w":-0.46901044249534609},"size":25.661470413208009,"orthographic":false}