{"cameraMode":{"drawMode":0,"name":"Shaded","section":"Shading Mode"},"sceneLighting":false,"audioPlay":false,"sceneViewState":{"showFog":true,"showMaterialUpdate":false,"showSkybox":true,"showFlares":true,"showImageEffects":true,"showParticleSystems":true},"in2DMode":false,"pivot":{"x":12.800000190734864,"y":-1.5968608856201172,"z":1.081944465637207},"rotation":{"x":-0.08913519233465195,"y":0.8632320165634155,"z":-0.16405686736106873,"w":-0.46901044249534609},"size":2.8578836917877199,"orthographic":false}