{"cameraMode":{"drawMode":0,"name":"Shaded","section":"Shading Mode"},"sceneLighting":true,"audioPlay":false,"sceneViewState":{"showFog":true,"showMaterialUpdate":false,"showSkybox":true,"showFlares":true,"showImageEffects":true,"showParticleSystems":true},"in2DMode":false,"pivot":{"x":10.74366569519043,"y":-73.55722045898438,"z":-2.462041139602661},"rotation":{"x":0.4530348777770996,"y":0.5455876588821411,"z":-0.4716205596923828,"w":0.5240874886512756},"size":114.05546569824219,"orthographic":false}