{"cameraMode":{"drawMode":0,"name":"Shaded","section":"Shading Mode"},"sceneLighting":false,"audioPlay":false,"sceneViewState":{"showFog":true,"showMaterialUpdate":false,"showSkybox":true,"showFlares":true,"showImageEffects":true,"showParticleSystems":true},"in2DMode":false,"pivot":{"x":67.8042984008789,"y":-128.10372924804688,"z":-24.936372756958009},"rotation":{"x":0.32076412439346316,"y":0.6699356436729431,"z":-0.4004952907562256,"w":0.5365633964538574},"size":179.63377380371095,"orthographic":false}