{"cameraMode":{"drawMode":0,"name":"Shaded","section":"Shading Mode"},"sceneLighting":true,"audioPlay":false,"sceneViewState":{"showFog":true,"showMaterialUpdate":false,"showSkybox":true,"showFlares":true,"showImageEffects":true,"showParticleSystems":true},"in2DMode":false,"pivot":{"x":-4.115960121154785,"y":-5.328950881958008,"z":1.8037528991699219},"rotation":{"x":-0.42315465211868288,"y":0.5728776454925537,"z":-0.5388602614402771,"w":-0.449867844581604},"size":154.14779663085938,"orthographic":false}