{"cameraMode":{"drawMode":0,"name":"Shaded","section":"Shading Mode"},"sceneLighting":false,"audioPlay":false,"sceneViewState":{"showFog":true,"showMaterialUpdate":false,"showSkybox":true,"showFlares":true,"showImageEffects":true,"showParticleSystems":true},"in2DMode":false,"pivot":{"x":5.752557277679443,"y":7.474016189575195,"z":2.874188184738159},"rotation":{"x":-0.4687906801700592,"y":-0.5278575420379639,"z":0.45822468400001528,"w":-0.5400295853614807},"size":6.885991096496582,"orthographic":false}